Contrast,Dissimilarity,Homogeneity,Energy,Correlation,ASM,Label
985.7708333333333,24.901785714285715,0.042963233830106404,0.04091585441924857,0.39588447597167115,0.0016741071428571425,1
405.32738095238096,15.148809523809524,0.07121687860508671,0.044093846398895985,0.7346994288817067,0.0019442672902494325,1
874.7529761904761,22.32440476190476,0.06912258258391171,0.04276817816428545,0.3927213553007999,0.001829117063492063,1
3723.0773809523807,53.68452380952381,0.01014720865417238,0.04086169707662494,-0.5563292215888326,0.001669678287981859,1
1450.7589285714284,30.33035714285714,0.02458890365091026,0.04454354031873739,-0.49257548067998663,0.0019841269841269836,1
2421.3392857142853,39.125,0.03295747092679278,0.04015100465247631,0.013304038874618587,0.0016121031746031743,1
2843.5238095238096,45.01785714285714,0.017046437175568925,0.03998520488852501,-0.04157483712596648,0.001598816609977324,1
2518.175595238095,38.19940476190476,0.025230666514559227,0.040151004652476306,0.20271567272520583,0.001612103174603174,1
1267.300595238095,29.925595238095234,0.033268341949659504,0.044988739457830274,-0.4147635340180626,0.0020239866780045346,1
1939.9940476190475,37.33333333333333,0.03285962257589294,0.04794346337377087,-0.4823665525335976,0.0022985756802721084,1
1830.514880952381,36.2172619047619,0.025190884413208953,0.04069879265231352,-0.3555896453591037,0.0016563917233560089,1
4253.410714285714,58.160714285714285,0.012327912512980157,0.04080746785953002,-0.6588286031426904,0.0016652494331065755,1
3031.4642857142853,48.26785714285714,0.01641464194107213,0.0410778980411972,-0.44714455882704024,0.0016873937074829927,1
6562.297619047618,70.51785714285714,0.01462791716010347,0.04037101180431707,-0.267820947070714,0.0016298185941043082,1
2301.598214285714,42.94345238095238,0.01527707460663659,0.04161348647056417,-0.6207982004684269,0.001731682256235827,1
760.4136904761904,23.26488095238095,0.024366680823232414,0.04464285714285714,-0.6289497425539482,0.0019929846938775506,1
885.6607142857142,23.982142857142854,0.03465292729624598,0.04198433327281512,-0.19136031371183132,0.0017626842403628113,1
2127.2291666666665,39.09821428571428,0.02137807244396396,0.042612562688322475,-0.4692992212784602,0.0018158304988662127,1
398.37202380952374,16.1875,0.06771765627350522,0.04567264658697263,-0.05237320415685775,0.0020859906462585027,1
1220.764880952381,29.205357142857142,0.02566652061846455,0.04363951874587851,-0.35032954236806707,0.0019044075963718815,1
4899.955357142857,61.65178571428571,0.004710877152042073,0.04026115850734727,-0.5417675914899507,0.0016209608843537411,1
2365.2291666666665,39.55654761904762,0.023314259104055254,0.04037101180431707,0.10905809051435264,0.001629818594104308,1
6139.303571428572,68.4047619047619,0.007416630117784128,0.04064434608258233,-0.5654920992728738,0.0016519628684807251,1
3994.747023809524,55.592261904761905,0.010107230030142663,0.04245637683835447,-0.7523054580480446,0.0018025439342403624,1
7556.1964285714275,77.41071428571428,0.0063491752656147414,0.0410778980411972,-0.7202404626829165,0.0016873937074829927,1
8152.255952380952,77.88690476190477,0.01392080300195311,0.04004054775914794,-0.4177044108066769,0.0016032454648526075,1
4112.127976190476,55.00297619047619,0.01607506874579609,0.03965152557879234,-0.3377830565740487,0.001572243480725623,1
3715.4494047619046,52.02083333333333,0.0170746866781096,0.03976306314252198,-0.2815932379219775,0.00158110119047619,1
3861.4523809523807,46.38690476190476,0.02928000455596446,0.04064434608258233,-0.16790320342358625,0.0016519628684807251,1
7359.937499999998,78.60416666666666,0.0024117722843876544,0.041560238225502796,-0.7883190698419469,0.001727253401360544,1
2860.3839285714284,45.37797619047619,0.015589234890990213,0.04208968935634211,-0.5946015202444165,0.0017715419501133781,1
2427.967261904762,40.794642857142854,0.02783877099487328,0.04004054775914794,0.004105018009936286,0.0016032454648526072,1
3874.002976190476,54.26488095238095,0.010510677046256696,0.04064434608258233,-0.49056725176101473,0.0016519628684807251,1
4987.625,63.38690476190476,0.006604055589230413,0.04069879265231351,-0.7782166417277188,0.0016563917233560085,1
3127.60119047619,45.172619047619044,0.030194707642618654,0.04208968935634211,-0.22048281922363172,0.0017715419501133781,1
1889.7619047619046,38.410714285714285,0.016800156927744468,0.04203704432090932,-0.5279906546627715,0.0017671130952380948,1
1775.0535714285716,37.297619047619044,0.01503144630409007,0.041400082569177245,-0.3983257055546961,0.0017139668367346934,1
1897.8482142857142,38.342261904761905,0.01812137818905656,0.04245637683835447,-0.7081821444705904,0.0018025439342403624,1
263.30059523809524,11.842261904761903,0.11079333172662692,0.048173851357853105,0.6934736870066709,0.0023207199546485253,1
378.15178571428567,15.270833333333332,0.052380019825866396,0.04358874558296669,0.5087822364927919,0.001899978741496598,1
1843.0773809523807,38.845238095238095,0.013869128625815337,0.04177282395124463,-0.6429529723135395,0.0017449688208616774,1
1704.875,36.11904761904762,0.02453548172655253,0.04182580155522379,-0.4279575143515343,0.001749397675736961,1
280.0654761904762,12.309523809523808,0.11976377174145436,0.047665527910854065,0.75012050113488,0.0022720025510204076,1
1178.7559523809523,27.749999999999996,0.03744751229370887,0.043436069997995305,0.038728782600189596,0.0018866921768707478,1
432.45238095238096,14.839285714285712,0.0935937958246314,0.0445932263802729,0.6014252771911581,0.0019885558390022673,1
287.7827380952381,12.354166666666666,0.09534179995780215,0.05098762410420182,0.1725161795024594,0.0025997378117913828,1
426.46428571428567,17.33928571428571,0.05039375755786483,0.04414403861366465,0.07354820207077832,0.0019486961451247158,1
1113.0208333333333,28.247023809523803,0.026532218274301432,0.04161348647056417,-0.19814943221094206,0.001731682256235827,1
1098.1220238095239,26.895833333333332,0.02669908391315358,0.04203704432090932,-0.25498166473369277,0.0017671130952380946,1
795.0505952380951,23.7172619047619,0.04175169133858599,0.042612562688322475,-0.06815995910438036,0.0018158304988662125,1
2930.8422619047615,44.25297619047619,0.014866200769050666,0.04037101180431707,-0.17193709292504603,0.001629818594104308,1
612.1964285714286,19.964285714285715,0.03979070379347135,0.04187871214128062,0.49979674739084856,0.0017538265306122445,1
2006.2142857142858,39.26785714285714,0.018597845523635297,0.04171977907403626,-0.5327305531775562,0.0017405399659863939,1
3603.166666666666,52.83928571428571,0.01102957265969681,0.041400082569177245,-0.5447278814639901,0.0017139668367346936,1
1161.4434523809523,28.169642857142854,0.03819957986491383,0.04224723085291187,0.07959200661280948,0.0017848285147392287,1
626.2648809523808,19.27678571428571,0.07120987448684102,0.04224723085291187,0.4782544610216559,0.0017848285147392285,1
1131.517857142857,17.81547619047619,0.167273994469497,0.07680647559859488,0.12151085797544857,0.005899234693877551,1
554.0089285714284,18.562499999999996,0.047108204828738856,0.044444001556750226,-0.13455554919758564,0.0019752692743764165,1
85.3422619047619,5.3125,0.2587613316474349,0.0945145506440501,0.503261054469007,0.00893300028344671,1
806.3958333333333,23.02083333333333,0.026906074510811534,0.04177282395124463,-0.08150938659161933,0.0017449688208616774,1
203.13690476190476,11.238095238095237,0.09023997778720139,0.04826569863162754,0.1308543846493594,0.0023295776643990924,1
294.3392857142857,13.279761904761905,0.07896707225273984,0.0472455591261534,-0.07325234943418822,0.0022321428571428566,1
195.02083333333334,11.25892857142857,0.07331862330518424,0.04926471832513942,-0.029327702352146576,0.002427012471655328,1
179.66369047619048,9.99702380952381,0.10541468930650544,0.04634646280475427,0.4374350082473178,0.0021479946145124707,1
514.8244047619048,19.312499999999996,0.05474611137988561,0.04538080560112174,-0.3536049997219854,0.002059417517006802,1
3879.5982142857138,56.38392857142857,0.01691440527203058,0.04214226862650683,-0.7578664709717594,0.0017759708049886616,1
3189.9315476190477,49.33035714285714,0.022825194564743502,0.04096994017242917,-0.6527362101765307,0.0016785359977324256,1
5665.961309523809,66.75892857142857,0.01744624478527156,0.04250850255085029,-0.7266925333066049,0.0018069727891156457,1
2226.0446428571427,32.88988095238095,0.07562725330069583,0.04701062202062891,-0.19531477427641536,0.0022099985827664396,1
2712.1666666666665,43.24999999999999,0.01765891505500712,0.03942750386753503,-0.2191116727810423,0.0015545280612244898,1
6509.705357142857,69.85416666666666,0.005143214967949799,0.03992978531249624,-0.594662576310189,0.0015943877551020404,1
4743.824404761905,58.55654761904762,0.01297546252920427,0.04048056699028405,-0.4039433834418504,0.0016386763038548748,1
6522.95238095238,71.73809523809524,0.012405180889581003,0.03992978531249624,-0.5607927740909486,0.0015943877551020404,1
6533.88988095238,70.48511904761904,0.015263080382948534,0.04042582650954203,-0.6309145613401769,0.001634247448979591,1
8033.610119047618,78.02083333333333,0.007909665052121484,0.03998520488852501,-0.5929087678270897,0.001598816609977324,1
2259.2023809523807,37.357142857142854,0.03894208330730955,0.04037101180431707,0.03463442425150256,0.001629818594104308,1
4815.875,59.476190476190474,0.01013171719377423,0.03965152557879234,-0.5302467207042174,0.001572243480725623,1
729.5982142857142,20.705357142857142,0.05191398727654483,0.04219478237725543,0.44276043788344716,0.0017803996598639452,1
4475.047619047618,58.32142857142857,0.005679246565275126,0.04240418704992561,-0.6891496655382197,0.0017981150793650788,1
1934.4107142857142,35.648809523809526,0.023290768161330088,0.04208968935634211,-0.3445265722119289,0.0017715419501133783,1
4902.104166666667,58.52678571428571,0.011359322230932169,0.04020611930388778,-0.4675141881719481,0.0016165320294784576,1
6046.758928571428,65.44345238095238,0.02502944527282755,0.03992978531249624,-0.3943758024056631,0.0015943877551020404,1
2208.497023809524,39.36607142857143,0.018495584284822533,0.04058982647912456,-0.25771714456929834,0.0016475340136054416,1
3814.7529761904757,51.5625,0.015489102583632642,0.0394836284566119,-0.3611578782572027,0.001558956916099773,1
1981.9970238095236,37.6875,0.018033807064887254,0.04096994017242917,-0.24199292353970484,0.0016785359977324259,1
1866.5267857142853,34.66964285714286,0.042104693482164314,0.04601078819565566,-0.03743349504429085,0.0021169926303854867,1
4110.205357142857,54.11607142857142,0.016139245406662926,0.04075316648103914,-0.5006703767853145,0.001660820578231292,1
1405.3244047619046,30.437499999999996,0.02702733314405766,0.04075316648103914,-0.017290977448287823,0.0016608205782312922,1
2437.627976190476,41.8422619047619,0.016978862070323092,0.04140008256917724,-0.19465455317161853,0.0017139668367346932,1
4594.458333333333,59.041666666666664,0.008728508895804208,0.04235193294868365,-0.48907409015057246,0.0017936862244897953,1
3712.4910714285716,53.15773809523809,0.012279099090509261,0.04075316648103914,-0.4150866578423075,0.0016608205782312922,1
2267.4166666666665,38.41666666666666,0.026445555463137198,0.04219478237725542,0.12073017699175535,0.001780399659863945,1
4400.038690476191,55.717261904761905,0.01945079363294023,0.04171977907403626,-0.42110942084053116,0.0017405399659863939,1
4917.583333333333,60.25595238095238,0.019157454696553694,0.04156023822550279,-0.5639520891871562,0.0017272534013605435,1
4098.526785714286,55.03273809523809,0.01807958019875036,0.04048056699028405,-0.22246663934226793,0.0016386763038548748,1
931.0327380952381,25.122023809523807,0.027949224079764676,0.04171977907403627,0.21695900934101395,0.0017405399659863943,1
1738.2232142857142,33.25297619047619,0.026082050842337612,0.03959563897514901,0.08708394602813795,0.0015678146258503397,1
2150.6101190476193,38.3422619047619,0.018271213024025713,0.03981871476267754,-0.023822417771045372,0.0015855300453514738,1
1922.5833333333335,35.982142857142854,0.031747899150374605,0.04075316648103914,-0.06881228323385893,0.001660820578231292,1
2606.127976190476,42.288690476190474,0.02820212338927565,0.03998520488852501,-0.12830903367404603,0.001598816609977324,1
2677.6369047619046,40.87500000000001,0.022429359817876617,0.04069879265231351,0.03082786543154804,0.0016563917233560087,1
827.25,20.345238095238095,0.07550068216760039,0.04287160800859503,0.7866010209209483,0.00183797477324263,1
1038.9821428571427,23.874999999999996,0.05816952630893515,0.04129296704021311,0.6262339668654012,0.0017051091269841266,1
750.4910714285714,20.104166666666668,0.0925390049835126,0.04557557390212367,0.721099596991883,0.002077132936507936,1
5336.913690476191,66.51488095238093,0.007806736305220861,0.040316122571857335,-0.5872766629926746,0.0016253897392290247,1
1588.6220238095239,28.330357142857142,0.05586907727273622,0.04374088826398532,0.4026668516860297,0.0019132653061224485,1
5211.315476190475,65.05952380952381,0.008037885741350642,0.04187871214128062,-0.8326796902854109,0.0017538265306122445,1
5818.997023809524,68.72916666666666,0.014924591527502086,0.041185572925887044,-0.5400899908313231,0.00169625141723356,1
3968.75,55.48214285714286,0.01274510161518151,0.04064434608258233,-0.5747562692683639,0.0016519628684807251,1
2413.580357142857,38.0625,0.04743175144175331,0.04150692166958735,0.3263677178336883,0.0017228245464852604,1
2257.059523809524,42.625,0.007517807848041073,0.04353791320930891,-0.7306289970958021,0.0018955498866213148,1
1719.3005952380952,35.72916666666667,0.015247516710792183,0.04123930494211612,-0.33454962323680393,0.0017006802721088428,1
987.7619047619048,25.666666666666668,0.03319855718338522,0.04064434608258233,0.13003281967155053,0.0016519628684807254,1
1696.7678571428569,35.9047619047619,0.025680214116063374,0.0435379132093089,-0.5008435620927185,0.0018955498866213146,1
1600.625,35.74404761904762,0.008338928624400783,0.043077722696815854,-0.582686540057461,0.0018556901927437636,1
816.6964285714286,23.422619047619044,0.0420512652424444,0.04348702141726921,-0.37126902963835834,0.0018911210317460313,1
2731.589285714286,45.89880952380952,0.008179746654596703,0.04086169707662494,-0.6321914273276749,0.001669678287981859,1
553.422619047619,18.726190476190474,0.06097909903958794,0.0426644975798555,0.5409098568929807,0.001820259353741496,1
1407.2648809523807,31.622023809523807,0.023948485568012892,0.04177282395124464,-0.3721186871884005,0.0017449688208616776,1
1183.8839285714284,29.56845238095238,0.01916502327823858,0.04182580155522379,-0.519108858337622,0.001749397675736961,1
546.1994047619048,19.31845238095238,0.04781234479051465,0.04140008256917724,0.059888746251969396,0.0017139668367346932,1
1393.5386904761904,29.336309523809522,0.028817147470490963,0.04080746785953002,0.1104792739660553,0.0016652494331065755,1
3717.794642857142,50.40773809523809,0.014357487835858718,0.040316122571857335,-0.3651752092074493,0.0016253897392290244,1
2931.1220238095234,46.54464285714285,0.02000648882394815,0.039985204888525,-0.28022996850645504,0.0015988166099773237,1
2444.8273809523807,42.851190476190474,0.009833169356952852,0.04037101180431707,-0.6360493401494697,0.001629818594104308,1
1663.3154761904761,32.07738095238095,0.04169606512745702,0.04075316648103914,-0.276256661599066,0.001660820578231292,1
840.672619047619,24.732142857142858,0.033966839915775385,0.043282855869788646,-0.2531514571461324,0.0018734056122448974,1
154.3095238095238,9.869047619047619,0.0891882461550047,0.05344727677401181,-0.0031991248791992683,0.0028566113945578224,1
1988.7172619047617,38.044642857142854,0.03192066101785108,0.04182580155522379,-0.4609485262514734,0.0017493976757369612,1
1902.3660714285716,37.8125,0.02234581127351278,0.041560238225502796,-0.44367412356569347,0.0017272534013605438,1
2159.705357142857,37.75297619047619,0.015741410532825,0.04276817816428545,-0.1622663819429288,0.001829117063492063,1
3220.401785714286,50.49107142857142,0.01711134885182696,0.043026286591669516,-0.8018359924776158,0.0018512613378684803,1
2663.0833333333335,45.529761904761905,0.021793150596910397,0.043180411096865795,-0.6924203174207453,0.0018645479024943306,1
1042.7589285714284,22.681547619047617,0.08313836497165429,0.053818872976265246,0.010083939568737425,0.002896471088435374,1
385.5119047619047,13.744047619047617,0.11738448218060607,0.059561000286278275,0.39759841328153933,0.0035475127551020404,1
2333.389880952381,39.87797619047619,0.017621018922700966,0.04208968935634211,-0.49019797448941266,0.0017715419501133781,1
1311.6220238095236,29.76488095238095,0.04878812876050129,0.04821979686315372,-0.4327878373140211,0.002325148809523809,1
2670.47619047619,41.60714285714286,0.03574507773880979,0.04075316648103914,-0.3514422948780985,0.0016608205782312922,1
1744.0446428571427,33.36011904761905,0.02323167379225336,0.04348702141726921,-0.21506541878242894,0.001891121031746031,1
1317.2470238095234,28.550595238095237,0.045320400188840426,0.05037592523753201,-0.2804611288176903,0.0025377338435374147,1
1811.5089285714287,36.99107142857143,0.01593880048566755,0.04240418704992561,-0.2898999026631061,0.0017981150793650788,1
933.3571428571427,23.547619047619044,0.05801958348634974,0.04037101180431707,0.6799526297654866,0.001629818594104308,1
1354.8809523809523,31.904761904761905,0.01767401098636788,0.04235193294868365,-0.5590446553530944,0.0017936862244897953,1
2146.6696428571427,40.63988095238095,0.01699234122334624,0.043282855869788646,-0.7458048088905117,0.0018734056122448974,1
1539.8273809523807,34.16071428571428,0.02073285344685729,0.04348702141726921,-0.62325115444914,0.0018911210317460313,1
2157.2410714285716,41.175595238095234,0.014610105407347978,0.04214226862650683,-0.6836414114382029,0.0017759708049886616,1
1269.782738095238,28.848214285714285,0.028383957526231095,0.04489018788392367,-0.5809451072067439,0.0020151289682539676,1
772.577380952381,21.494047619047617,0.060836875274343075,0.043282855869788646,0.22477821569882825,0.0018734056122448974,1
3723.648809523809,53.797619047619044,0.02897777795632791,0.04129296704021311,-0.4117502362515692,0.0017051091269841263,1
2191.410714285714,40.672619047619044,0.010577335436500754,0.04297478892319539,-0.6104860884857131,0.0018468324829931967,1
3016.925595238095,44.6875,0.02790397622937724,0.04214226862650683,-0.27721208919137097,0.0017759708049886616,1
2209.502976190476,39.83035714285714,0.02240305434560373,0.04379148502845881,-0.43445457922080033,0.0019176941609977318,1
1094.5267857142856,26.127976190476186,0.044878546616228795,0.047339207501746625,-0.2125592808613192,0.0022410005668934236,1
2646.6517857142853,43.467261904761905,0.019561895826357138,0.04091585441924857,-0.3738976347439613,0.0016741071428571425,1
1852.985119047619,35.05654761904761,0.018020268659158706,0.04037101180431707,-0.3468801593274106,0.0016298185941043082,1
1338.9345238095239,30.94047619047619,0.02486461489007055,0.045136163357449695,-0.2709238851881178,0.0020372732426303846,1
1703.4791666666665,34.52678571428571,0.034409751363463324,0.04399329017587643,-0.4788675226270514,0.0019354095804988655,1
1185.0595238095236,27.249999999999996,0.045705001173384684,0.044344239362355174,-0.2203800660076314,0.00196641156462585,1
843.4642857142857,22.898809523809522,0.062052978604539843,0.044444001556750226,-0.1237489491082821,0.0019752692743764165,1
542.2261904761904,19.172619047619044,0.04074074929763517,0.04552695994279271,-0.017712724734093667,0.0020727040816326523,1
4944.815476190475,63.39285714285714,0.008011541529975024,0.04102395461931613,-0.5404326014643906,0.0016829648526077092,1
2996.997023809524,46.33630952380952,0.019684436748760005,0.041400082569177245,-0.5357349457707927,0.0017139668367346934,1
4805.41369047619,61.55059523809524,0.005338145990313314,0.04048056699028405,-0.7616032109345908,0.0016386763038548748,1
1595.5416666666665,32.404761904761905,0.04101164676119687,0.04080746785953002,0.06367424483464015,0.0016652494331065755,1
2223.904761904762,38.0595238095238,0.03450202544138385,0.040151004652476306,0.2596678952165814,0.001612103174603174,1
2611.5386904761904,40.157738095238095,0.025250004944541344,0.04091585441924857,-0.31446217470078835,0.0016741071428571423,1
2146.1071428571427,37.71428571428571,0.017548503312399454,0.04198433327281512,-0.2985805335360807,0.001762684240362811,1
1490.0595238095236,31.95833333333333,0.024568456682376817,0.04203704432090932,0.02995481119849692,0.0017671130952380946,1
3876.738095238095,53.29166666666666,0.012648730119318899,0.04004054775914794,-0.055582048185655326,0.0016032454648526075,1
909.9404761904761,24.434523809523807,0.040502777602131446,0.043129097458897134,0.4876426887618799,0.001860119047619047,1
3329.235119047619,48.65178571428571,0.018202829693202353,0.04214226862650683,-0.48616478830230603,0.0017759708049886616,1
1984.3035714285713,34.05952380952381,0.04948138985794099,0.04601078819565567,-0.24662542929625128,0.002116992630385487,1
2582.4017857142853,43.27678571428571,0.013512647002925702,0.04086169707662494,-0.42179631841967735,0.0016696782879818588,1
505.5744047619048,19.062500000000004,0.039247969671542975,0.04538080560112174,-0.11017973062157227,0.002059417517006802,1
649.9315476190475,19.8125,0.052633262085104826,0.04235193294868365,0.32514128603978354,0.0017936862244897953,1
2323.2619047619046,38.68452380952381,0.028531763467537177,0.041560238225502796,-0.1945879336892893,0.0017272534013605438,1
1039.4583333333335,25.2797619047619,0.041600051447509105,0.047619047619047616,-0.2991099195311568,0.0022675736961451243,1
344.02976190476187,15.023809523809524,0.07528480354536626,0.055079629533695676,0.13320148808848975,0.0030337655895691608,1
943.9166666666666,24.46428571428571,0.0588856966383605,0.04363951874587851,-0.07461957613137293,0.0019044075963718815,1
1204.3869047619046,28.25,0.02718622214496037,0.0422996142962854,-0.009144853257836072,0.001789257369614512,1
5167.845238095238,61.13095238095237,0.012401406105243835,0.03920220200095086,-0.40928618851840465,0.0015368126417233557,1
6442.285714285714,69.57738095238096,0.013286810392740702,0.04026115850734727,-0.6313706017573302,0.001620960884353741,1
4040.4196428571427,54.20535714285714,0.012619852143641384,0.03998520488852501,-0.5379960085733878,0.0015988166099773242,1
3127.2619047619046,48.172619047619044,0.017670739721942663,0.041346559492410125,-0.3491443543436305,0.0017095379818594099,1
3636.3839285714284,48.82440476190476,0.027013424846838028,0.04161348647056417,-0.11944265546176192,0.0017316822562358273,1
2383.857142857143,41.24404761904762,0.03199397538407466,0.04276817816428545,-0.2785439926451683,0.0018291170634920628,1
4093.7946428571427,57.15178571428571,0.020397544802787364,0.04297478892319539,-0.7584624717396133,0.0018468324829931967,1
4340.443452380952,59.32440476190476,0.006419958873614889,0.042612562688322475,-0.8607630099749705,0.0018158304988662127,1
2287.815476190476,42.01190476190476,0.015300432105874878,0.04292322946980939,-0.6641553385086996,0.0018424036281179134,1
621.1011904761904,19.041666666666664,0.062164600684359035,0.046537189794975856,0.35991468041221075,0.002165710034013605,1
3163.1339285714284,50.538690476190474,0.010304136966567673,0.04224723085291187,-0.7366533960012495,0.0017848285147392287,1
648.1934523809523,21.24107142857143,0.04779440322157299,0.051463144243424346,-0.6272244018392028,0.0026484552154195005,1
1359.9434523809525,31.25297619047619,0.02319165365277516,0.04187871214128061,-0.3866230308824245,0.0017538265306122442,1
3986.47619047619,56.4047619047619,0.008050286545449694,0.04348702141726921,-0.8423415643792901,0.0018911210317460313,1
435.55952380952385,14.363095238095235,0.11756504493203945,0.049890043494762525,0.8341426724946388,0.002489016439909296,1
106.125,8.0,0.12628873536131668,0.059412097552610496,0.20160049237717656,0.0035297973356009063,1
161.860119047619,10.12797619047619,0.088522539727482,0.05033194799192786,0.2533785304243276,0.002533304988662131,1
33.422619047619044,4.565476190476191,0.1913299785429702,0.0735667088946921,0.5545896993083845,0.005412060657596371,1
170.66666666666663,10.279761904761905,0.0847894508853399,0.04644192420930724,0.5377635072387346,0.0021568523242630378,1
73.57440476190476,6.431547619047619,0.16726641191320724,0.05623346317765233,0.575806962674589,0.0031622023809523806,1
282.6488095238095,14.148809523809522,0.05918809427300988,0.046537189794975856,0.006600287516934689,0.002165710034013605,1
238.67857142857144,12.726190476190474,0.04901706217547752,0.04993440992726939,-0.1275235724235032,0.00249344529478458,1
272.8630952380952,12.69642857142857,0.08384973270435553,0.047339207501746625,-0.06929608417757148,0.0022410005668934236,1
192.27380952380952,10.178571428571427,0.11025681262061009,0.04935453557076487,0.5503708378228355,0.002435870181405895,1
158.1190476190476,10.083333333333332,0.1006580966850637,0.04789725279592583,0.4440284773400985,0.002294146825396825,1
7352.0297619047615,76.23809523809524,0.019538200285767113,0.04080746785953002,-0.6558242468999302,0.0016652494331065755,1
985.2321428571428,23.154761904761905,0.0701223575456016,0.04374088826398532,0.8329061157733052,0.0019132653061224485,1
7123.955357142857,71.53273809523809,0.019849529858091654,0.041666666666666664,-0.3806397172315443,0.0017361111111111108,1
7457.687499999998,74.76488095238093,0.004657445688030287,0.03959563897514901,-0.3689493125499036,0.0015678146258503397,1
862.1994047619048,21.901785714285715,0.06461216737874634,0.04287160800859503,0.7415665931422477,0.00183797477324263,1
3172.479166666667,44.91369047619047,0.02089719240708726,0.04037101180431706,-0.06644383236081407,0.0016298185941043077,1
2801.8809523809523,42.60119047619047,0.02298109675635459,0.04069879265231351,0.32435889043319766,0.0016563917233560087,1
4018.7827380952376,53.0922619047619,0.023262890017978054,0.04091585441924857,-0.25530982667282814,0.0016741071428571425,1
4446.172619047618,57.60119047619047,0.005868564228963417,0.03992978531249624,-0.3419757887625451,0.0015943877551020404,1
1594.1398809523807,32.6875,0.025582544279044887,0.04020611930388778,0.2077417550197094,0.0016165320294784578,1
7351.818452380952,72.68154761904762,0.010575832931457543,0.039985204888525,-0.43173462513162053,0.0015988166099773237,1
5872.255952380952,67.47023809523809,0.01853370225768516,0.041346559492410125,-0.5122441108508158,0.0017095379818594099,1
933.5595238095236,24.041666666666668,0.044566237060724365,0.042612562688322475,0.7290664717966593,0.0018158304988662127,1
1423.2053571428569,28.907738095238095,0.056672132601819455,0.04171977907403626,0.603814298105047,0.001740539965986394,1
2459.622023809524,41.37797619047619,0.017167953423381715,0.03976306314252198,-0.27781169128342653,0.00158110119047619,1
3645.1934523809523,40.610119047619044,0.37423130390971365,0.37784141766720314,0.008509349249615985,0.14276413690476183,1
4690.928571428571,54.529761904761905,0.08192199093320846,0.08963226396652141,-0.004524613737579678,0.008033942743764172,1
7382.238095238094,69.26190476190474,0.17051508212432762,0.1769144352607444,-0.46117671233443014,0.03129871740362812,1
8393.101190476189,76.75595238095238,0.09925723322921293,0.11984480114107667,-0.5183073050195395,0.014362776360544212,1
5517.833333333333,54.5,0.21525440902985132,0.2122610200820171,-0.00572356472382256,0.045054740646258466,1
1459.8392857142856,21.88095238095238,0.5484908797621201,0.5514632797079176,0.049107815585253525,0.304111748866213,1
4287.0297619047615,45.16666666666666,0.3340673492169042,0.34026331590352166,-0.20040294018793828,0.11577912414965977,1
4275.91369047619,45.81249999999999,0.3047122198205127,0.3102384150128088,-0.19358828614008583,0.09624787414965978,1
5664.369047619047,55.738095238095234,0.21659394598397344,0.219068645471166,-0.010716514514687366,0.047991071428571425,1
545.235119047619,8.9375,0.7920632788261072,0.7930193420533627,0.010097581790335302,0.6288796768707482,1
6228.208333333333,65.1547619047619,0.013089713547589565,0.0410778980411972,-0.2798142488369621,0.0016873937074829927,1
4708.261904761905,55.6547619047619,0.02348157690244723,0.04629865829197631,-0.07456256687916783,0.002143565759637187,1
3050.7142857142853,44.6547619047619,0.0336783701007795,0.04118557292588704,-0.16728618991642372,0.0016962514172335595,1
1245.0863095238094,28.92559523809524,0.02096702920579468,0.04091585441924857,0.10261155252745824,0.0016741071428571425,1
756.2172619047619,22.33035714285714,0.04420620323788144,0.04075316648103914,0.3197778245943075,0.001660820578231292,1
4241.229166666666,51.69940476190476,0.009589794722447307,0.04026115850734727,-0.09933515139722039,0.0016209608843537411,1
2813.7559523809523,44.166666666666664,0.01829237689502982,0.03998520488852501,-0.2581104396746814,0.001598816609977324,1
1296.8095238095239,30.220238095238095,0.033949366430009724,0.04166666666666666,-0.22565633882223124,0.0017361111111111104,1
359.9732142857142,14.074404761904763,0.08127599911268478,0.0487223379278122,0.4695654722493007,0.002373866213151927,1
659.5416666666666,20.38095238095238,0.06542977906375293,0.04318041109686579,0.07505584164874343,0.0018645479024943304,1
8132.229166666666,77.25297619047618,0.010629982019828886,0.042404187049925615,-0.3121187953128207,0.001798115079365079,1
5480.431547619048,60.473214285714285,0.007996277421433239,0.04058982647912456,-0.25202736596925895,0.0016475340136054416,1
4316.723214285714,54.41369047619047,0.03433198218042255,0.04844887082172531,-0.016162119670820766,0.002347293083900226,1
2018.3869047619046,36.51785714285714,0.01581576195510119,0.04037101180431707,0.3723768089449363,0.001629818594104308,1
2011.5238095238092,36.24404761904762,0.02784797410054872,0.03981871476267753,0.03525569121546987,0.0015855300453514734,1
6601.940476190475,65.01190476190476,0.07620697542781726,0.07540987773404718,-0.009854164780245209,0.005686649659863946,1
5246.223214285714,54.69940476190476,0.20689796864044357,0.20761995207863276,-0.15281683010736882,0.04310604450113376,1
6940.369047619046,67.4345238095238,0.06522895861763615,0.0647278665801534,-0.11989236317184487,0.0041896967120181395,1
3487.7648809523807,48.3422619047619,0.040755335511555815,0.04766552791085407,0.14087276171595411,0.0022720025510204085,1
3185.4702380952376,45.52380952380952,0.020499707353829277,0.04069879265231351,0.0174026743887149,0.0016563917233560085,1
17.19940476190476,2.479166666666667,0.48223331610870357,0.27041601810137833,0.01875600566892194,0.07312482284580499,0
39.148809523809526,3.7738095238095237,0.42630782609428103,0.3028703388859179,-0.023930787536418842,0.09173044217687075,0
37.94642857142857,4.267857142857143,0.33466406445803937,0.20465502817071354,0.08693745095272669,0.04188368055555556,0
77.88988095238095,6.729166666666666,0.17849190569894083,0.10260306057106071,-0.0898718379413757,0.010527388038548753,0
13.166666666666664,1.5357142857142858,0.5986753055171397,0.3729690372910033,0.016321582288197956,0.1391059027777778,0
1.764880952380952,0.9851190476190477,0.5795763305322129,0.30063943569462837,0.07990478015622149,0.09038407029478457,0
3.2767857142857144,0.9910714285714285,0.6173891694124342,0.3083913578423312,0.16380408382845071,0.09510522959183675,0
7.238095238095237,1.273809523809524,0.5843695877555893,0.2995399320931474,0.10587452621258939,0.08972417091836735,0
1.5922619047619047,0.9613095238095238,0.5824404761904762,0.2942442590041751,0.088454312423461,0.08657968395691609,0
4.6101190476190474,1.4255952380952381,0.49768404512313136,0.2574275733072629,0.16075783729830798,0.0662689554988662,0
7.374999999999999,1.2023809523809523,0.6378910245428004,0.34916688990624917,0.1405993245419189,0.12191751700680274,0
4.410714285714286,1.1547619047619047,0.6291241182180072,0.4069063031122419,0.13085247504014522,0.16557273951247167,0
1.494047619047619,0.9166666666666667,0.5994047619047619,0.31264877410983233,0.03087689461406752,0.09774925595238096,0
1.1964285714285714,0.8154761904761905,0.6303571428571428,0.3031772651133865,0.30207612099166037,0.09191645408163265,0
1.3333333333333335,0.8869047619047619,0.6011904761904763,0.30561433288517836,0.1516299201947788,0.0934001204648526,0
4.616071428571428,1.0922619047619047,0.6603191703924816,0.45059563125100793,0.07891269363634679,0.2030364229024943,0
7.211309523809522,1.4136904761904758,0.6119297578140862,0.3635889013327217,0.0633890437198547,0.13219688917233563,0
2.931547619047619,0.9970238095238094,0.6309563661359707,0.38753382925992624,0.1197486059893586,0.15018246882086167,0
5.300595238095237,1.181547619047619,0.6358615018173887,0.4527870592582633,0.12383097007795849,0.20501612103174602,0
8.041666666666668,1.4702380952380951,0.593289166893444,0.3562426651192234,0.1584052683100472,0.12690883645124715,0
19.00297619047619,2.7767857142857144,0.4226665289690632,0.250079706681445,0.005877314335878776,0.06253985969387757,0
10.413690476190476,1.9791666666666667,0.47292527401725637,0.3068147818703487,-0.09649743354664873,0.09413531037414966,0
15.657738095238095,2.4851190476190474,0.4097860544877058,0.2532998629652833,-0.007420460364323776,0.06416082057823129,0
31.02380952380952,3.8511904761904763,0.33454727593510136,0.18784218586724125,0.24295241434196813,0.03528468679138321,0
32.18452380952381,4.2023809523809526,0.24639157265353498,0.116509399589663,0.01131026075693796,0.013574440192743766,0
6.648809523809524,1.380952380952381,0.6182045538095036,0.4442755622659853,0.2096282022933317,0.19738077522675737,0
2436.872023809524,40.55654761904762,0.04310611664851114,0.051074411612293195,0.08206838486015687,0.00260859552154195,0
1099.654761904762,25.375,0.1009747071609254,0.07216878364870322,0.41704793347710106,0.005208333333333332,0
91.22916666666666,7.75297619047619,0.1114281583419775,0.06414363709003662,-0.06952215728165011,0.0041144061791383215,0
10.434523809523808,1.9761904761904758,0.502708246671465,0.33046437556072394,-0.11172390362673768,0.1092067035147392,0
69.10119047619047,6.511904761904761,0.15412066548628833,0.07473142577077214,-0.08202189218128457,0.005584785997732426,0
65.59821428571429,6.592261904761904,0.15326085081163288,0.07111787586516977,0.05367164083362986,0.005057752267573695,0
92.73511904761904,8.020833333333332,0.10688976165510573,0.06124736793826392,-0.10737688440935406,0.003751240079365079,0
26.37797619047619,3.217261904761904,0.38725014805071734,0.22114116652690388,0.8730094047610085,0.04890341553287983,0
11.973214285714285,2.074404761904762,0.4885293442181783,0.32497083638556523,-0.12560751943874843,0.1056060445011338,0
81.60416666666666,7.300595238095237,0.15395179697058303,0.06674899253573155,-0.020765525614330947,0.0044554280045351466,0
49.35714285714286,5.559523809523808,0.18102776762538955,0.0706179197482421,0.4247562487108636,0.00498689058956916,0
61.05952380952381,6.404761904761904,0.13391597967859858,0.06513710901261693,0.08120637034600364,0.004242842970521542,0
36.035714285714285,4.583333333333333,0.20521851319147072,0.09242976281708054,0.04024414007669013,0.008543261054421766,0
71.4970238095238,6.616071428571427,0.14641815039886255,0.06624949193319067,0.03745048388167133,0.004388995181405895,0
30.74702380952381,4.157738095238095,0.2318201057089412,0.08351913809763262,0.14593355205685943,0.006975446428571428,0
19.586309523809522,3.407738095238095,0.2594122876200708,0.10815084708694417,-0.0017888633797217676,0.01169660572562358,0
39.422619047619044,4.785714285714286,0.2078137611083018,0.0819939125830709,0.05467224688916189,0.006723001700680272,0
31.62202380952381,4.3125,0.2012484896574877,0.0832535757779724,0.19336462189870438,0.006931157879818593,0
21.053571428571427,3.470238095238095,0.26675512036461296,0.09710320298259197,0.20780495088576273,0.009429032029478457,0
10.883928571428571,2.5386904761904763,0.3321706294421032,0.12612869107391125,0.09241608232391328,0.01590844671201814,0
27.294642857142854,3.8601190476190474,0.22544873510268285,0.09705758249476384,0.0736685279235885,0.00942017431972789,0
22.50595238095238,3.446428571428571,0.27505901614515016,0.10177962248548567,0.21989919731192836,0.01035909155328798,0
27.5297619047619,2.732142857142857,0.518731170357081,0.3674842076295835,0.9526368763794433,0.13504464285714282,0
14.315476190476192,2.8273809523809526,0.3105973993700996,0.11626205347990838,0.10914043870489783,0.013516865079365076,0
51.925595238095234,5.800595238095237,0.15524941154907382,0.07071193077688524,0.21952445672886148,0.005000177154195011,0
62.77083333333333,6.413690476190475,0.1467567549841807,0.06909634979907082,0.03448111427028146,0.004774305555555555,0
63.63095238095238,6.1726190476190474,0.1738425396531768,0.07695049686814223,-0.07322422331946432,0.005921378968253967,0
56.55357142857143,5.851190476190476,0.16054641997821467,0.0776380801234856,0.16997929326703576,0.006027671485260769,0
60.6547619047619,6.2976190476190474,0.14362221566348593,0.0646936461883457,0.2052720039571133,0.004185267857142856,0
8.336309523809524,2.2113095238095237,0.3574476539859475,0.13889597487592897,0.33213522981411425,0.019292091836734693,0
7.967261904761904,2.229166666666666,0.3417371383673392,0.12528312607053088,0.4214391914947948,0.015695861678004536,0
22.33928571428571,3.6249999999999996,0.2375284247635592,0.10138723867199895,0.07760368663594472,0.010279372165532877,0
18.69345238095238,3.2232142857142856,0.27499222582434546,0.10851877769943175,0.004234941963294635,0.011776325113378684,0
13.88392857142857,2.955357142857143,0.27843541959486173,0.10522422339085527,0.2572330148040192,0.011072137188208615,0
4.74702380952381,1.0327380952380953,0.6730588866610823,0.4413099412949071,0.08607133630006575,0.19475446428571433,0
16.107142857142858,1.8988095238095237,0.6156695713350171,0.42656192246395497,0.22631767048452148,0.18195507369614514,0
59.184523809523796,5.857142857142857,0.2035257288917801,0.08553635632857091,0.17627728443667723,0.007316468253968254,0
0.0,0.0,1.0,1.0,1.0,1.0,0
43.33035714285714,4.086309523809523,0.3620143574608582,0.19474158337923658,0.08623398014990447,0.03792428429705215,0
42.55357142857143,5.017857142857142,0.17974673321735393,0.07941466704837104,0.06569810950877723,0.006306689342403628,0
74.9672619047619,6.806547619047619,0.14147061090036758,0.06614913919908592,0.05051965611854164,0.004375708616780045,0
76.2797619047619,6.934523809523809,0.15467503824502243,0.06479625314606322,0.18656808901006228,0.004198554421768708,0
77.88095238095238,6.785714285714285,0.16801586600415822,0.07036660962819577,-0.12654828433080909,0.004951459750566893,0
74.10416666666667,6.681547619047619,0.1576593269256022,0.06727770568724592,0.3032028478346503,0.004526289682539682,0
0.0,0.0,1.0,1.0,1.0,1.0,0
0.0,0.0,1.0,1.0,1.0,1.0,0
57.916666666666664,5.732142857142857,0.1758785843085735,0.07250552211357043,-0.005737039977776631,0.005257050736961451,0
60.187499999999986,5.842261904761904,0.18590894559363222,0.07969302285116597,-0.1655460924331586,0.006350977891156463,0
91.01488095238096,7.604166666666666,0.1251796970517282,0.05782547389204002,0.28015425602213617,0.003343785430839002,0
62.44642857142857,6.363095238095238,0.16446053464435312,0.06462515104347756,0.11567301504871354,0.0041764101473922895,0
61.122023809523796,6.342261904761904,0.1364230817904043,0.06604863399158376,0.06567178224474551,0.004362422052154194,0
120.31249999999997,8.473214285714285,0.11501717693713065,0.05662588568583466,0.2664336102245636,0.003206490929705215,0
71.41071428571428,6.4523809523809526,0.17372137202257654,0.07179963143937391,-0.03362691712403444,0.005155187074829931,0
62.535714285714285,6.345238095238095,0.13745386234271695,0.0678022961303245,0.12549856265316092,0.004597151360544217,0
12.336309523809524,2.1220238095238093,0.5013287619681541,0.3315681899235223,0.0774535114985452,0.10993746456916098,0
18.339285714285715,2.738095238095238,0.41777136407287185,0.2742297499949867,-0.11872187568892408,0.07520195578231292,0
1340.5595238095236,28.470238095238095,0.0325042240100556,0.03992978531249624,0.22186960501821934,0.0015943877551020404,0
72.81845238095238,6.907738095238095,0.15789294707459983,0.06362368549533318,0.13328909240395825,0.004047973356009069,0
62.39583333333333,5.836309523809524,0.251151722340249,0.1556465102975343,0.010976536835551448,0.024225836167800448,0
36.3095238095238,4.761904761904761,0.20121008356421854,0.08491275367670895,0.013385436748793096,0.007210175736961449,0
18.00297619047619,3.217261904761905,0.2616920383772583,0.11934486699859177,-0.05189138078133238,0.01424319727891156,0
35.26190476190476,4.511904761904762,0.2166622048313699,0.09868663471184079,-0.15981698974704403,0.009739051870748298,0
19.113095238095234,3.1785714285714284,0.27167639035250235,0.10290477154535993,0.19095036875672558,0.01058939200680272,0
34.607142857142854,4.31547619047619,0.22516922231153808,0.09032137443746141,0.1769754129544268,0.008157950680272107,0
104.38392857142857,8.479166666666664,0.09254141410498498,0.055559984233912105,0.008030309949282074,0.0030869118480725617,0
32.125,4.113095238095237,0.28226272495480964,0.15291943546029915,0.1138745169632159,0.023384353741496597,0
26.693452380952376,3.5148809523809526,0.30709960770550426,0.1613468591479738,-0.0382205048604832,0.026032808956916096,0
27.01488095238095,3.883928571428571,0.27197793357082317,0.1436146829338665,-0.04921705341684991,0.02062517715419501,0
53.288690476190474,5.967261904761903,0.13821180206711803,0.064350441400118,0.16763510582314928,0.004140979308390021,0
52.76785714285714,5.696428571428571,0.16258191253096566,0.06496690462185438,0.23921885739286927,0.004220698696145124,0
62.95238095238095,6.220238095238095,0.14504530722616005,0.065510002092426,0.005132328518299104,0.004291560374149659,0
35.4047619047619,4.785714285714286,0.20387256550388838,0.07526290843096305,0.30480155032126166,0.0056645053854875276,0
44.00892857142857,5.449404761904761,0.14055813744561801,0.07068060766093998,0.039847409306273736,0.0049957482993197265,0
75.63392857142856,6.723214285714286,0.1436374120153542,0.06267690383527585,0.11316960227551555,0.0039283942743764165,0
27.4375,2.6815476190476186,0.5001585782366298,0.3338245742480354,0.012803881240738809,0.11143884637188209,0
12.101190476190474,2.011904761904762,0.5024746455937041,0.319008193193001,-0.034781133355955215,0.10176622732426303,0
29.916666666666664,3.4999999999999996,0.35373874801471183,0.21421336410880576,-0.02910525754505704,0.04588736536281179,0
38.56845238095238,4.1875,0.3162256841270908,0.1842235460230235,-0.07963511004012716,0.03393831490929705,0
1293.967261904762,26.16964285714285,0.05388456952387969,0.042664497579855507,0.46516545330487363,0.0018202593537414962,0
38.9375,4.4017857142857135,0.27059220413576734,0.14003917090498325,0.037799823774545244,0.019610969387755105,0
53.16071428571429,5.5476190476190474,0.1851868312616202,0.09357267810870529,-0.05601851330503037,0.008755846088435375,0
47.01785714285714,5.017857142857142,0.22809246001170705,0.10612529362902043,0.09670871600614661,0.011262577947845805,0
45.05952380952381,5.005952380952381,0.24607957400966923,0.10288325010383098,0.07996783620336984,0.010584963151927437,0
41.538690476190474,4.729166666666666,0.2674537002550182,0.14749418682576032,-0.02538306034365418,0.021754535147392288,0
25.857142857142854,3.0476190476190474,0.4452134321302408,0.2845960259019505,-0.13528434922276975,0.08099489795918367,0
1.6607142857142856,0.6369047619047619,0.7621901950273543,0.5956137207663028,-0.0548322849973557,0.3547557043650793,0
33.86309523809524,3.976190476190476,0.32807028573108293,0.20062261364705614,-0.06466333260369377,0.04024943310657596,0
15.601190476190474,2.416666666666667,0.44608907915519647,0.26549887795433585,-0.07055670027898836,0.07048965419501133,0
4.392857142857143,1.2321428571428572,0.6056797448375215,0.4057291052653364,-0.0936419448168795,0.16461610685941042,0
0.8988095238095237,0.7261904761904763,0.6541666666666667,0.3901705122483219,0.06926915174640443,0.1522330286281179,0
0.9613095238095238,0.7351190476190477,0.6550595238095238,0.3642339190535605,0.12741657319970576,0.13266634778911565,0
5.931547619047619,1.4732142857142858,0.5615730436923426,0.3324952261263692,0.031936155156673876,0.1105530753968254,0
35.47916666666667,3.7827380952380953,0.41185187948874435,0.2777042490551966,-0.04196101532418792,0.07711964994331065,0
1.7738095238095235,0.9523809523809523,0.597946912652795,0.35302060468986923,-0.041091332556978895,0.12462354733560092,0
2.125,0.8869047619047619,0.6422684122074367,0.42676433664996094,-0.11067695071250659,0.18212779903628118,0
1.1369047619047619,0.7440476190476191,0.663945983798925,0.3933697503463228,0.0353390352789093,0.15473976048752835,0
53.34523809523809,2.875,0.5834385243665078,0.3673576416855404,-0.09169059427477594,0.1349516369047619,0
27.157738095238095,2.5625,0.5408127144673385,0.33561084188120116,0.07055970585306384,0.11263463718820863,0
3867.0267857142853,55.76488095238095,0.012257088045965741,0.04118557292588704,-0.771184471729823,0.0016962514172335595,0
3.9583333333333335,1.0535714285714284,0.6249905658061191,0.3844415638859616,-0.042631028818874143,0.1477953160430839,0
0.5357142857142858,0.4880952380952381,0.7607142857142858,0.4845618330698645,0.2057989284588717,0.23480017006802723,0
801.7380952380952,19.833333333333332,0.16989460287242164,0.11287965040781475,0.31014963788067307,0.012741815476190474,0
54.63392857142857,5.848214285714285,0.150831719808955,0.0606296094864981,0.3402573690151195,0.0036759495464852602,0
1.1041666666666667,0.6458333333333333,0.7189089097177332,0.4122641564505427,0.22196736352316668,0.16996173469387754,0
59.63690476190476,6.142857142857142,0.14393936201391594,0.061751470003709605,0.06430592538649262,0.003813244047619047,0
56.25892857142857,5.985119047619047,0.15026184672405773,0.06608215271182892,-0.016850765242716084,0.004366850907029478,0
26.741071428571423,4.0267857142857135,0.24086799752760063,0.08574321601719008,0.3986834398830335,0.0073518990929705205,0
29.0625,4.383928571428571,0.193327465084494,0.07226077703677966,0.41062854953430616,0.005221619897959183,0
58.297619047619044,6.035714285714285,0.16104150956344235,0.07999809556973578,-0.08839498333068738,0.00639969529478458,0
14.586309523809522,1.9732142857142858,0.5804594017008206,0.40127833925537965,-0.02739440145617666,0.16102430555555558,0
7.380952380952381,1.4107142857142856,0.5886716190524965,0.3790351214588429,0.003977968176254593,0.14366762329931976,0
22.443452380952376,2.395833333333333,0.5512481671635188,0.355769930546028,0.06653445700493539,0.1265722434807256,0
10.401785714285715,1.6875,0.5841369599700483,0.3545853367729999,0.20028738225074103,0.12573076105442177,0
10.336309523809524,1.4732142857142856,0.6210649785819642,0.4026555839354229,-0.002143964672889726,0.16213151927437638,0
23.949404761904763,2.8601190476190474,0.4446104851681031,0.2679150069774346,0.04224760406218856,0.07177845096371882,0
19.967261904761905,2.633928571428571,0.4524253038950746,0.2597397665264076,0.012093638431961881,0.06746474631519274,0
33.479166666666664,3.574404761904762,0.3836945235153443,0.23224776323159088,0.03958665013490814,0.053939023526077094,0
41.913690476190474,4.616071428571428,0.27567548291170985,0.13444016046565752,-0.08648369208387657,0.018074156746031744,0
65.25892857142857,5.836309523809524,0.24085925674298184,0.1375180363350943,-0.057836031848487755,0.018911210317460316,0
79.83333333333333,7.291666666666666,0.1280775267272468,0.059374813521607145,0.11246244427572477,0.0035253684807256226,0
96.81547619047618,7.535714285714285,0.16308716877884324,0.08913678054685677,-0.1196475502331882,0.007945365646258503,0
35.973214285714285,4.163690476190476,0.27305567947470677,0.1475392209279219,0.0896800019097472,0.021767821712018146,0
86.55357142857142,4.470238095238095,0.310925706389243,0.11201315039618341,0.09120372850484812,0.012546945861678004,0
50.8422619047619,4.8601190476190474,0.2943390229521923,0.1518878041363146,-0.03324010889555189,0.023069905045351474,0
52.74404761904762,5.392857142857142,0.21269985738217764,0.10403903745802699,0.08664925633890444,0.010824121315192742,0
63.19047619047619,6.482142857142856,0.12781125159843482,0.05915061581652318,0.18548337559699077,0.0034987953514739223,0
64.87202380952381,6.354166666666666,0.1550335052239589,0.06614913919908591,0.08683579179189943,0.004375708616780044,0
59.97916666666666,5.7648809523809526,0.22691523623282792,0.10886512594149929,-0.022930712516459586,0.011851615646258503,0
72.38095238095238,6.833333333333332,0.13999905079054475,0.06544236139076197,0.15442868637767923,0.004282702664399092,0
31.395833333333332,4.133928571428571,0.24621989023808966,0.09226190476190475,0.2902270105157406,0.008512259070294783,0
27.01785714285714,3.9107142857142856,0.2368408777967454,0.09696627712883875,0.10911826831411106,0.009402458900226757,0
20.366071428571427,3.354166666666666,0.2651283287136883,0.12080180799168097,-0.0609833502646289,0.014593076814058956,0
12.25892857142857,2.717261904761905,0.31087314391004534,0.13281614724217072,0.013966710304843833,0.01764012896825397,0
31.288690476190474,4.0625,0.25409108484403836,0.10898710371190805,0.1047213551768365,0.011878188775510203,0
17.898809523809522,2.8511904761904763,0.3756900935751391,0.20234812408815522,0.13279791532018226,0.04094476332199546,0
6.979166666666666,1.3363095238095237,0.6007993099045987,0.3557388075630057,-0.008633783317577155,0.1265500992063492,0
4.050595238095238,1.2053571428571428,0.5899920850496484,0.3721368875766525,0.13297556175541278,0.13848586309523808,0
22.550595238095234,3.5029761904761902,0.2854004065648159,0.13599594831899836,0.16506106658808795,0.018494897959183673,0
81.10714285714286,6.869047619047619,0.16052460287019457,0.06455658322465435,0.2644912542250897,0.004167552437641723,0
72.13690476190476,6.916666666666666,0.1296125245869313,0.061463917940664824,0.2078561062628637,0.0037778132086167793,0
73.66666666666667,6.994047619047619,0.12304898130755237,0.06235811559451476,-0.020953888677878243,0.003888534580498865,0
82.5565476190476,7.3601190476190474,0.10877491095919789,0.06121120178929503,-0.013565291566960505,0.0037468112244897953,0
1321.580357142857,19.27083333333333,0.11036416907636692,0.047432670983658415,0.7357295277279338,0.0022498582766439907,0
89.00297619047619,7.0684523809523805,0.2195837527048706,0.10511894650267477,-0.013283559670687468,0.011049992913832199,0
19.01190476190476,2.9107142857142856,0.40140302316001986,0.2393660283363994,-0.0013295899544580585,0.057296095521541954,0
84.3779761904762,7.5267857142857135,0.11895943392547514,0.06770424503617455,-0.12284900508556419,0.004583864795918366,0
22.50297619047619,3.663690476190476,0.2663007490686861,0.11671828304242605,0.0019797406086067186,0.013623157596371881,0
43.99107142857143,5.127976190476191,0.2034081960507762,0.07484985916642435,0.12822535961860684,0.0056025014172335595,0
92.70238095238095,7.107142857142857,0.18257466216806056,0.07077453542020305,0.08464370758845367,0.005009034863945577,0
71.79166666666666,6.869047619047619,0.13859043824929373,0.06358887089054016,-0.10817705583112268,0.004043544501133786,0
72.28571428571428,6.720238095238095,0.1321407627197089,0.06355403721447209,0.11768613340714089,0.004039115646258503,0
24.44940476190476,3.508928571428571,0.32195432271484037,0.16641403046362224,0.011843776777018459,0.02769362953514739,0
33.88392857142857,4.7648809523809526,0.18049530267466424,0.08098848109635583,0.39001726846098456,0.006559134070294784,0
24.50892857142857,3.9851190476190474,0.21243869996027967,0.08858854801272152,0.3422122883034645,0.007847930839002266,0
26.89583333333333,3.3720238095238093,0.3593022899491073,0.2140996215764607,0.14500699229024852,0.04583864795918368,0
39.83630952380952,4.770833333333334,0.21607816934589294,0.0972171605420302,0.08366664150364443,0.009451176303854874,0
28.366071428571427,3.681547619047619,0.3152176717124511,0.16598766875626128,-0.008758394531110335,0.02755190617913832,0
37.851190476190474,4.428571428571429,0.268865957245417,0.11494030665075902,0.2647694817037502,0.013211274092970519,0
38.360119047619044,4.729166666666666,0.2049774978228328,0.08656571173957729,0.009297705112668342,0.007493622448979591,0
5.113095238095237,0.7559523809523809,0.7628680834615312,0.539245143275751,0.06249208251722358,0.2907853245464852,0
0.494047619047619,0.4166666666666667,0.799404761904762,0.639870570236926,-0.06446810946982709,0.40943434665532885,0
0.6636904761904762,0.4732142857142857,0.7824404761904762,0.6109931311336626,-0.0105263157894737,0.37331260629251706,0
0.806547619047619,0.5148809523809523,0.7717261904761903,0.543014088110632,0.17494461484095736,0.2948642998866213,0
2.3452380952380953,0.9583333333333334,0.6342849863438098,0.37736053159410915,-0.03918613413715146,0.14240097080498865,0
0.375,0.34523809523809523,0.8303571428571428,0.6672941615328827,0.003765060240963824,0.44528149801587297,0
2.9672619047619047,1.0863095238095237,0.6067189838513368,0.3737104623062996,-0.02470516081372712,0.1396595096371882,0
12.288690476190476,2.520833333333333,0.36311659335893914,0.19614653272894553,0.2955039465101688,0.038473462301587304,0
11.63392857142857,2.3005952380952377,0.43402735644197643,0.26681344281221314,0.15781293131722543,0.07118941326530613,0
47.863095238095234,5.6309523809523805,0.14784601592817798,0.06638305959284363,0.13003427343789245,0.0044067106009070284,0
41.58630952380952,4.9434523809523805,0.20088862997297524,0.0747017880833996,0.16948137783294998,0.005580357142857142,0
40.047619047619044,5.035714285714285,0.18060880366983567,0.06681531047810609,0.4069284137371957,0.004464285714285713,0
37.625,4.148809523809523,0.3096848404530943,0.15490492475801315,0.07429665312014558,0.023995535714285712,0
53.91369047619047,5.937499999999999,0.1705300082784002,0.07955396669418845,-0.2157049123714928,0.006328833616780044,0
40.94940476190476,4.973214285714285,0.20265219621951255,0.08183170883849714,0.0036207196243563844,0.00669642857142857,0
43.375,4.755952380952381,0.2821473704171412,0.15156671876799088,0.14603532794932916,0.02297247023809524,0
8.577380952380953,1.6726190476190477,0.5678591182363397,0.41489312170442366,-0.06451612903225809,0.17213630243764172,0
7.648809523809523,1.0416666666666665,0.7113485457315357,0.49639520414297433,0.03919247305128046,0.24640819869614514,0
18.916666666666668,2.630952380952381,0.4743906092625699,0.32229545799607223,0.07021326246643284,0.10387436224489797,0
38.01190476190476,4.220238095238095,0.3382252381701325,0.20094245419512322,0.006003735657742631,0.04037786989795919,0
0.8601190476190477,0.6577380952380952,0.6913690476190475,0.39833727369752886,0.15576054495107347,0.15867258361678002,0
2.9404761904761902,0.9642857142857142,0.6478101631573184,0.3865039132315618,0.14949348992360076,0.14938527494331066,0
0.5119047619047619,0.47619047619047616,0.7654761904761904,0.5182589437399415,0.07167410929418198,0.2685923327664399,0
27.809523809523807,2.863095238095238,0.4972738010210066,0.3331605632189286,0.11048855948050182,0.11099596088435375,0
196.6875,6.330357142857142,0.40915958902713423,0.22754723102454746,0.7649700985657267,0.05177774234693878,0
29.50892857142857,3.556547619047619,0.34464678319320785,0.18158420786644763,0.089967292592326,0.03297282454648526,0
61.07440476190476,6.342261904761904,0.1613534936389833,0.06737637751590339,0.06679999791571235,0.004539576247165533,0
61.83928571428571,6.071428571428571,0.1821309818802691,0.08145197728216672,0.015046156520208099,0.006634424603174602,0
84.80059523809524,7.330357142857142,0.13956722774949148,0.06611565443905672,0.04151794539304738,0.004371279761904761,0
10.172619047619047,2.4583333333333335,0.3251127362625367,0.1342423572779037,0.19430113244928116,0.018021010487528345,0
34.12797619047619,4.395833333333333,0.24501768117328152,0.1272647723406268,0.04032555451233514,0.016196322278911567,0
6.125,1.0416666666666665,0.6958331361982479,0.5338011474004025,-0.0029356137521320963,0.2849436649659863,0
14.06547619047619,1.6547619047619047,0.660214892034265,0.49562284733728834,-0.008090442307985314,0.24564200680272105,0
2.654761904761905,0.8095238095238095,0.7319631284308046,0.5922357316542733,-0.02585587250734193,0.3507431618480725,0
16.830357142857146,1.8958333333333333,0.6508140456597776,0.5484877620452243,-0.018665727389186555,0.3008388251133786,0
78.06845238095238,7.258928571428571,0.13230532400166997,0.0601161008235838,0.05906432820335212,0.003613945578231292,0
92.24107142857142,7.669642857142856,0.12871836419532315,0.05915061581652318,0.22819877821678614,0.003498795351473922,0
67.0297619047619,6.434523809523808,0.1589430005532592,0.0710244021653674,0.11388769450837893,0.0050444657029478455,0
902.8720238095239,14.997023809523807,0.16262037560727505,0.06773694450441096,0.012948770982956097,0.00458829365079365,0
98.58630952380952,8.223214285714285,0.11566118559270774,0.05658676589830816,-0.04651298910201991,0.0032020620748299316,0
31.45238095238095,4.267857142857142,0.23165755888230732,0.09014959065988666,0.027241153158957962,0.008126948696145124,0
26.857142857142854,3.9642857142857135,0.2336347550502466,0.10412414097938036,0.16424361233188753,0.010841836734693876,0
34.00595238095238,4.44047619047619,0.21395002110229067,0.07814979765179096,0.35895336271234435,0.006107390873015872,0
83.17261904761905,7.267857142857142,0.12297365538708527,0.058245195805895614,0.3756099533156551,0.00339250283446712,0
46.04761904761904,5.041666666666666,0.2110145781351847,0.08082425960714446,0.5943151277160935,0.0065325609410430835,0
28.988095238095234,4.107142857142857,0.21803347524665906,0.08509510985414163,0.2756466555231323,0.0072411777210884334,0
33.574404761904766,4.074404761904762,0.26858734325613015,0.09542392584453212,0.19252715841336435,0.009105725623582766,0
51.48214285714285,5.309523809523809,0.17832082528970145,0.08098848109635581,-0.04599241834168141,0.006559134070294783,0
32.577380952380956,4.0476190476190474,0.2378758113082774,0.08563984863058427,0.40004991623533714,0.007334183673469387,0
21.714285714285715,3.577380952380952,0.2504687663898002,0.09922370879862888,0.22459527353632025,0.009845344387755101,0
89.1875,7.705357142857142,0.13096398871921386,0.058092920523640276,0.018083215176086118,0.003374787414965986,0
60.96428571428572,4.863095238095238,0.3296913435750488,0.17952375031576642,-0.07052306222096129,0.03222877692743764,0
96.82440476190476,7.830357142857142,0.1390649979696607,0.055838282855040826,0.06543904539611888,0.003117913832199546,0
60.46428571428571,5.898809523809524,0.1972524846547248,0.065510002092426,0.2019258041623652,0.004291560374149659,0
255.66071428571428,9.970238095238093,0.44763358667631153,0.3720297618571436,0.34968990314249737,0.13840614370748297,0
357.62797619047615,14.44940476190476,0.06505606653012797,0.04752595066271223,0.36219596803012416,0.0022587159863945573,0
114.94047619047618,8.773809523809522,0.0986508847139666,0.05357142857142857,-0.013648927414652777,0.002869897959183673,0
122.9940476190476,9.125,0.09385675297500601,0.05540032877674489,-0.12348923433826657,0.003069196428571428,0
130.4345238095238,7.940476190476191,0.161115127195038,0.06084835803649069,0.19023464578550756,0.003702522675736961,0
62.63392857142857,5.9375,0.17905715543989853,0.07863002865251731,0.030590579120788986,0.006182681405895693,0
84.26785714285714,7.178571428571428,0.15588391327598472,0.06362368549533318,-0.10267053977575008,0.004047973356009069,0
80.44345238095238,7.205357142857142,0.126385622495629,0.05662588568583466,0.2638459249801214,0.003206490929705215,0
100.78571428571428,7.8511904761904745,0.12431099378371581,0.05532032826024138,0.2729893562044848,0.003060338718820861,0
36.672619047619044,4.738095238095238,0.1944861844473042,0.07584907700818248,0.3395641133867974,0.005753082482993197,0
80.53571428571428,7.357142857142857,0.11951236042441801,0.05658676589830816,0.38214341631438864,0.0032020620748299316,0
